type,bandwidth,time
warmup,56.3293,9063376191261601
warmup,164.286,9063376236075583
warmup,154.419,9063376251477231
warmup,159.02,9063376267897386
warmup,164.587,9063376283814367
warmup,149.032,9063376299193742
warmup,163.26,9063376316346674
warmup,163.071,9063376332035301
warmup,141.822,9063376347740439
warmup,153.425,9063376365573379
warmup,159.287,9063376382145215
warmup,161.392,9063376398036308
warmup,161.118,9063376413888681
warmup,161.382,9063376429757598
warmup,164.012,9063376445601362
warmup,163.689,9063376461208260
warmup,163.508,9063376476840918
warmup,162.013,9063376492479048
warmup,162.23,9063376508257052
warmup,164.523,9063376523987791
warmup,162.015,9063376539524704
warmup,162.55,9063376555300948
warmup,163.337,9063376571021543
warmup,162.725,9063376586662201
warmup,162.403,9063376602351596
warmup,160.271,9063376618068767
warmup,160.951,9063376633991764
warmup,163.575,9063376649848105
warmup,163.707,9063376665457851
warmup,162.179,9063376681054221
warmup,164.581,9063376696812416
warmup,164.42,9063376712348049
14:32:15:264:652    &   164.144
14:32:15:280:238    &   163.422
14:32:15:296:220    &   160.234
14:32:15:312:397    &   157.897
14:32:15:328:131    &   162.557
14:32:15:344:343    &   157.706
14:32:15:360:018    &   163.117
14:32:15:375:821    &   161.811
14:32:15:391:531    &   162.76
14:32:15:407:246    &   162.651
14:32:15:422:893    &   163.47
14:32:15:438:550    &   163.373
14:32:15:454:277    &   162.643
14:32:15:470:121    &   161.334
14:32:15:485:882    &   162.268
14:32:15:501:364    &   165.161
14:32:15:516:982    &   163.894
14:32:15:532:586    &   163.925
14:32:15:548:306    &   162.823
14:32:15:564:419    &   158.714
14:32:15:580:238    &   161.565
14:32:15:595:908    &   163.182
14:32:15:611:672    &   162.138
14:32:15:627:288    &   163.79
14:32:15:642:939    &   163.427
14:32:15:659:056    &   158.527
14:32:15:674:777    &   162.433
14:32:15:690:386    &   163.832
14:32:15:706:024    &   163.408
14:32:15:722:264    &   157.269
14:32:15:743:682    &   118.929
14:32:15:761:006    &   147.267
14:32:15:776:710    &   162.724
14:32:15:794:658    &   141.056
14:32:15:811:236    &   153.997
14:32:15:827:339    &   158.715
14:32:15:842:991    &   163.391
14:32:15:858:638    &   163.508
14:32:15:874:363    &   162.583
14:32:15:890:142    &   161.963
14:32:15:905:983    &   161.285
14:32:15:921:494    &   164.847
14:32:15:936:999    &   164.893
14:32:15:952:548    &   164.442
14:32:15:968:281    &   162.547
14:32:15:983:894    &   163.813
14:32:15:999:537    &   163.535
14:32:16:015:286    &   162.352
14:32:16:030:961    &   163.031
14:32:16:046:635    &   163.158
14:32:16:062:958    &   156.56
14:32:16:078:794    &   161.273
14:32:16:094:499    &   162.757
14:32:16:110:090    &   163.947
14:32:16:125:605    &   164.808
14:32:16:141:111    &   164.768
14:32:16:156:956    &   161.293
14:32:16:172:472    &   164.719
14:32:16:188:221    &   162.258
14:32:16:203:840    &   163.673
14:32:16:219:458    &   163.669
14:32:16:235:080    &   163.667
14:32:16:250:967    &   160.936
14:32:16:267:199    &   157.511
14:32:16:282:896    &   162.883
14:32:16:298:526    &   163.635
14:32:16:314:635    &   158.805
14:32:16:330:823    &   157.807
14:32:16:346:928    &   158.674
14:32:16:362:655    &   162.532
14:32:16:378:232    &   164.166
14:32:16:393:852    &   163.789
14:32:16:409:407    &   164.453
14:32:16:424:924    &   165.182
14:32:16:440:402    &   165.34
14:32:16:456:048    &   163.542
14:32:16:472:034    &   159.939
14:32:16:487:711    &   162.995
14:32:16:503:362    &   163.379
14:32:16:519:080    &   162.829
14:32:16:534:846    &   162.219
14:32:16:550:600    &   162.373
14:32:16:566:158    &   164.401
14:32:16:582:284    &   158.568
14:32:16:597:941    &   163.294
14:32:16:613:378    &   165.694
14:32:16:628:848    &   165.528
14:32:16:644:362    &   164.849
14:32:16:659:984    &   163.842
14:32:16:675:872    &   161.004
14:32:16:691:576    &   162.787
14:32:16:707:177    &   163.939
14:32:16:722:794    &   163.781
14:32:16:738:495    &   162.944
14:32:16:754:050    &   164.391
14:32:16:769:592    &   164.517
14:32:16:785:051    &   165.683
14:32:16:800:767    &   162.812
14:32:16:817:550    &   152.135
14:32:16:834:083    &   154.406
14:32:16:849:811    &   162.467
14:32:16:865:680    &   161.107
14:32:16:881:775    &   158.631
14:32:16:898:760    &   151.83
14:32:16:914:382    &   163.141
14:32:16:930:068    &   163.002
14:32:16:945:716    &   163.483
14:32:16:961:225    &   164.964
14:32:16:976:659    &   165.8
14:32:16:992:269    &   163.862
14:32:17:007:925    &   163.245
14:32:17:023:607    &   163.125
14:32:17:039:333    &   162.585
14:32:17:054:961    &   163.6
14:32:17:070:621    &   163.246
14:32:17:086:433    &   161.687
14:32:17:102:044    &   163.537
14:32:17:117:490    &   165.396
14:32:17:132:963    &   165.104
14:32:17:148:608    &   163.415
14:32:17:164:176    &   164.166
14:32:17:179:756    &   164.071
14:32:17:195:400    &   163.383
14:32:17:211:057    &   163.24
14:32:17:226:642    &   163.974
14:32:17:242:351    &   162.729
14:32:17:259:078    &   152.647
14:32:17:274:865    &   161.948
14:32:17:290:566    &   162.831
14:32:17:306:144    &   164.066
14:32:17:322:317    &   157.983
14:32:17:338:333    &   159.6
14:32:17:354:320    &   159.881
14:32:17:370:020    &   162.75
14:32:17:385:520    &   164.966
14:32:17:401:095    &   164.173
14:32:17:416:587    &   165.006
14:32:17:432:214    &   163.738
14:32:17:448:014    &   161.893
14:32:17:463:724    &   162.679
14:32:17:479:466    &   162.401
14:32:17:495:092    &   163.669
14:32:17:510:767    &   163.196
14:32:17:526:304    &   164.657
14:32:17:542:589    &   156.941
14:32:17:558:448    &   159.645
14:32:17:574:801    &   155.998
14:32:17:591:486    &   151.788
14:32:17:612:936    &   118.536
14:32:17:634:453    &   118.107
14:32:17:650:588    &   156.762
14:32:17:666:112    &   163.142
14:32:17:681:494    &   164.578
14:32:17:696:789    &   165.495
14:32:17:712:249    &   163.761
14:32:17:727:746    &   163.308
14:32:17:743:466    &   162.689
14:32:17:759:084    &   163.797
14:32:17:774:793    &   162.86
14:32:17:790:417    &   163.667
14:32:17:806:045    &   163.637
14:32:17:821:936    &   160.884
14:32:17:838:029    &   158.687
14:32:17:853:445    &   165.916
14:32:17:868:995    &   164.706
14:32:17:884:820    &   161.763
14:32:17:900:697    &   161.12
14:32:17:916:254    &   164.342
14:32:17:932:012    &   162.306
14:32:17:947:709    &   162.866
14:32:17:963:314    &   163.886
14:32:17:978:918    &   163.975
14:32:17:994:514    &   163.979
14:32:18:010:315    &   161.945
14:32:18:025:965    &   163.342
14:32:18:041:461    &   165.064
14:32:18:056:920    &   165.42
14:32:18:072:511    &   164.094
14:32:18:088:519    &   159.511
14:32:18:104:154    &   163.422
14:32:18:119:831    &   163.035
14:32:18:135:437    &   163.757
14:32:18:151:167    &   162.527
14:32:18:166:847    &   163.071
14:32:18:182:363    &   164.726
14:32:18:197:978    &   163.76
14:32:18:213:434    &   165.35
14:32:18:228:910    &   165.175
14:32:18:244:380    &   165.266
14:32:18:260:512    &   158.382
14:32:18:276:751    &   157.325
14:32:18:292:367    &   163.688
14:32:18:308:109    &   162.394
14:32:18:324:310    &   157.749
14:32:18:340:307    &   159.638
14:32:18:356:301    &   159.716
14:32:18:372:001    &   162.751
14:32:18:387:680    &   163.068
14:32:18:403:352    &   163.128
14:32:18:418:956    &   163.944
14:32:18:434:578    &   163.761
14:32:18:450:157    &   164.221
14:32:18:465:689    &   164.597
14:32:18:481:254    &   164.027
14:32:18:496:732    &   165.438
14:32:18:512:359    &   163.754
14:32:18:527:992    &   163.589
14:32:18:543:698    &   162.819
14:32:18:559:374    &   163.15
14:32:18:575:005    &   163.594
14:32:18:591:085    &   158.872
14:32:18:606:662    &   163.984
14:32:18:622:242    &   164.158
14:32:18:638:138    &   160.816
14:32:18:655:900    &   143.533
14:32:18:672:096    &   157.69
14:32:18:688:897    &   150.596
14:32:18:704:491    &   163.9
14:32:18:720:138    &   163.5
14:32:18:735:832    &   163.001
14:32:18:751:488    &   163.442
14:32:18:767:242    &   162.35
14:32:18:782:859    &   163.709
14:32:18:798:493    &   163.583
14:32:18:814:102    &   163.918
14:32:18:830:399    &   157.186
14:32:18:846:489    &   158.741
14:32:18:862:288    &   161.702
14:32:18:877:952    &   163.136
14:32:18:893:403    &   165.511
14:32:18:909:175    &   162.236
14:32:18:924:637    &   165.562
14:32:18:940:305    &   163.482
14:32:18:955:938    &   163.644
14:32:18:971:667    &   162.664
14:32:18:987:323    &   163.431
14:32:19:002:958    &   163.625
14:32:19:018:739    &   162.061
14:32:19:034:332    &   164.013
14:32:19:049:956    &   163.711
14:32:19:065:530    &   164.206
14:32:19:081:055    &   164.786
14:32:19:096:881    &   161.515
14:32:19:112:365    &   165.036
14:32:19:128:009    &   163.389
14:32:19:143:661    &   163.329
14:32:19:159:286    &   163.602
14:32:19:175:053    &   162.164
14:32:19:190:749    &   162.923
14:32:19:206:895    &   158.221
14:32:19:222:548    &   163.343
14:32:19:238:493    &   160.535
14:32:19:254:086    &   164.031
14:32:19:269:726    &   163.574
14:32:19:285:388    &   163.312
14:32:19:301:002    &   163.894
14:32:19:316:537    &   164.745
14:32:19:332:571    &   159.514
14:32:19:348:862    &   156.751
14:32:19:364:811    &   160.245
14:32:19:380:418    &   163.76
14:32:19:396:145    &   162.638
14:32:19:411:787    &   163.606
14:32:19:429:110    &   147.565
14:32:19:447:815    &   136.425
14:32:19:468:339    &   124.181
14:32:19:484:657    &   156.491
14:32:19:500:381    &   162.733
14:32:19:516:166    &   162.151
14:32:19:531:940    &   162.267
14:32:19:547:573    &   163.759
14:32:19:563:312    &   162.748
14:32:19:579:032    &   162.888
14:32:19:594:992    &   160.343
14:32:19:610:555    &   164.319
14:32:19:626:145    &   164.15
14:32:19:641:765    &   163.908
14:32:19:657:592    &   161.484
14:32:19:673:134    &   164.394
14:32:19:688:675    &   164.495
14:32:19:704:288    &   163.776
14:32:19:720:428    &   158.4
14:32:19:739:190    &   134.877
14:32:19:759:222    &   127.305
14:32:19:781:720    &   113.167
14:32:19:800:486    &   136
14:32:19:820:179    &   129.483
14:32:19:847:451    &   129.489
14:32:19:866:877    &   130.217
14:32:19:886:835    &   126.664
14:32:19:907:083    &   124.829
14:32:19:926:303    &   131.526
14:32:19:946:171    &   127.168
14:32:19:965:582    &   130.41
14:32:19:985:341    &   128.425
14:32:20:005:267    &   128.119
14:32:20:025:356    &   126.961
14:32:20:043:824    &   138.209
14:32:20:065:277    &   118.738
14:32:20:084:924    &   128.712
14:32:20:105:656    &   121.97
14:32:20:124:512    &   134.643
14:32:20:144:006    &   130.859
14:32:20:163:121    &   133.386
14:32:20:182:984    &   128.226
14:32:20:202:126    &   133.262
14:32:20:221:514    &   131.496
14:32:20:241:072    &   130.316
14:32:20:260:304    &   132.618
14:32:20:278:563    &   139.755
14:32:20:296:571    &   141.735
14:32:20:314:121    &   145.585
14:32:20:335:051    &   121.755
14:32:20:353:993    &   134.639
14:32:20:373:336    &   131.578
14:32:20:391:527    &   139.337
14:32:20:409:601    &   141.185
14:32:20:430:790    &   119.679
14:32:20:448:724    &   141.162
14:32:20:466:803    &   141.183
14:32:20:486:038    &   132.594
14:32:20:505:670    &   129.88
14:32:20:524:923    &   132.422
14:32:20:543:481    &   137.388
14:32:20:563:048    &   130.191
14:32:20:582:856    &   128.653
14:32:20:602:795    &   127.8
14:32:20:622:263    &   130.81
14:32:20:640:891    &   136.289
14:32:20:659:913    &   134.326
14:32:20:677:970    &   141.284
14:32:20:696:014    &   140.706
14:32:20:713:648    &   145.072
14:32:20:730:751    &   149.438
14:32:20:749:269    &   137.714
14:32:20:768:056    &   135.918
14:32:20:790:040    &   115.812
14:32:20:808:687    &   136.815
14:32:20:827:832    &   133.162
14:32:20:872:803    &   56.265
14:32:20:929:608    &   44.394
14:32:20:981:116    &   48.9683
14:32:21:026:300    &   55.8374
14:32:21:078:001    &   48.7895
14:32:21:130:269    &   48.2931
14:32:21:188:562    &   43.2647
14:32:21:240:676    &   48.4326
14:32:21:302:424    &   40.8621
14:32:21:366:393    &   39.4318
14:32:21:413:599    &   53.523
14:32:21:466:703    &   47.5089
14:32:21:507:394    &   62.044
14:32:21:542:680    &   71.6717
14:32:21:560:012    &   146.404
14:32:21:576:816    &   150.569
14:32:21:597:786    &   121.399
14:32:21:617:161    &   130.675
14:32:21:636:493    &   131.698
14:32:21:656:837    &   125.022
14:32:21:677:186    &   124.992
14:32:21:698:507    &   119.071
14:32:21:720:065    &   117.724
14:32:21:740:934    &   121.645
14:32:21:762:125    &   119.867
14:32:21:783:865    &   116.243
14:32:21:804:237    &   124.621
14:32:21:825:013    &   122.426
14:32:21:846:427    &   118.621
14:32:21:867:900    &   118.228
14:32:21:888:737    &   121.914
14:32:21:910:665    &   115.288
14:32:21:932:173    &   118.14
14:32:21:953:569    &   118.095
14:32:21:974:761    &   119.259
14:32:21:996:269    &   117.489
14:32:22:018:512    &   113.509
14:32:22:039:211    &   122.052
14:32:22:060:522    &   118.508
14:32:22:081:271    &   121.705
14:32:22:102:589    &   118.49
14:32:22:124:069    &   117.615
14:32:22:145:565    &   117.521
14:32:22:167:241    &   116.541
14:32:22:187:651    &   123.811
14:32:22:208:936    &   118.615
14:32:22:230:864    &   115.155
14:32:22:251:928    &   119.879
14:32:22:273:156    &   118.915
14:32:22:294:929    &   115.929
14:32:22:314:651    &   128.199
14:32:22:336:392    &   116.158
14:32:22:358:634    &   113.502
14:32:22:379:788    &   119.377
14:32:22:401:407    &   116.794
14:32:22:423:463    &   114.485
14:32:22:444:747    &   118.642
14:32:22:466:203    &   117.671
14:32:22:488:058    &   115.544
14:32:22:510:124    &   114.506
14:32:22:531:515    &   118.034
14:32:22:569:578    &   66.2375
14:32:22:637:621    &   37.0516
14:32:22:693:436    &   45.1974
14:32:22:745:451    &   48.5143
14:32:22:794:375    &   51.5815
14:32:22:827:966    &   75.1157
14:32:22:857:494    &   85.5591
14:32:22:878:568    &   119.919
14:32:22:900:129    &   117.155
14:32:22:921:876    &   116.216
14:32:22:942:123    &   124.895
14:32:22:963:339    &   119.018
14:32:22:985:984    &   111.595
14:32:23:004:931    &   133.436
14:32:23:023:343    &   137.304
14:32:23:044:007    &   122.262
14:32:23:066:088    &   114.444
14:32:23:087:558    &   117.727
14:32:23:109:130    &   117.165
14:32:23:130:348    &   119.075
14:32:23:152:085    &   116.238
14:32:23:173:145    &   119.973
14:32:23:194:363    &   119.084
14:32:23:216:313    &   115.126
14:32:23:237:859    &   117.277
14:32:23:259:531    &   116.675
14:32:23:280:953    &   117.924
14:32:23:302:571    &   116.851
14:32:23:324:721    &   114.046
14:32:23:345:730    &   120.22
14:32:23:366:825    &   119.783
14:32:23:388:819    &   114.797
14:32:23:409:846    &   120.157
14:32:23:431:742    &   115.378
14:32:23:453:898    &   114.033
14:32:23:474:927    &   120.189
14:32:23:496:309    &   118.189
14:32:23:517:511    &   119.189
14:32:23:539:223    &   116.4
14:32:23:560:410    &   119.196
14:32:23:582:335    &   115.216
14:32:23:602:872    &   123.024
14:32:23:622:843    &   126.498
14:32:23:644:901    &   114.574
14:32:23:666:449    &   117.249
14:32:23:688:034    &   117.05
14:32:23:708:329    &   124.564
14:32:23:729:123    &   121.508
14:32:23:750:351    &   118.975
14:32:23:771:938    &   117.113
14:32:23:794:849    &   110.2
14:32:23:815:873    &   120.106
14:32:23:837:198    &   118.495
14:32:23:858:592    &   118.141
14:32:23:880:593    &   114.859
14:32:23:901:119    &   123.155
14:32:23:922:772    &   116.718
14:32:23:944:202    &   118.449
14:32:23:966:185    &   114.959
14:32:23:988:155    &   115.031
14:32:24:009:499    &   118.418
14:32:24:031:482    &   114.957
14:32:24:052:122    &   123.027
14:32:24:085:442    &   75.765
14:32:24:154:205    &   36.6751
14:32:24:218:644    &   39.1278
14:32:24:288:183    &   36.2619
14:32:24:334:227    &   54.7921
14:32:24:356:936    &   111.403
14:32:24:377:539    &   122.69
14:32:24:398:925    &   118.248
14:32:24:420:239    &   118.488
14:32:24:441:158    &   120.828
14:32:24:462:531    &   118.212
14:32:24:484:304    &   116.006
14:32:24:502:628    &   137.981
14:32:24:520:496    &   141.466
14:32:24:541:778    &   118.66
14:32:24:561:997    &   124.909
14:32:24:582:839    &   121.153
14:32:24:604:153    &   118.474
14:32:24:628:383    &   104.155
14:32:24:651:376    &   109.885
14:32:24:669:242    &   141.404
14:32:24:688:580    &   130.763
14:32:24:711:118    &   112.052
14:32:24:733:717    &   111.767
14:32:24:755:860    &   114.113
14:32:24:776:486    &   123.103
14:32:24:797:986    &   117.554
14:32:24:818:029    &   126.144
14:32:24:847:414    &   117.005
14:32:24:869:551    &   114.135
14:32:24:891:251    &   116.388
14:32:24:912:759    &   117.466
14:32:24:934:529    &   116.042
14:32:24:956:425    &   115.384
14:32:24:976:795    &   124.047
14:32:24:994:216    &   145.204
14:32:25:015:310    &   119.81
14:32:25:036:922    &   116.809
14:32:25:057:688    &   121.569
14:32:25:078:894    &   119.204
14:32:25:100:608    &   116.336
14:32:25:121:161    &   122.946
14:32:25:142:298    &   119.526
14:32:25:164:079    &   116.505
14:32:25:185:038    &   121.05
14:32:25:206:348    &   119.106
14:32:25:228:107    &   116.61
14:32:25:249:062    &   121.078
14:32:25:270:238    &   119.33
14:32:25:291:973    &   116.268
14:32:25:313:208    &   118.99
14:32:25:334:471    &   118.812
14:32:25:355:958    &   117.587
14:32:25:377:201    &   118.94
14:32:25:398:753    &   117.268
14:32:25:420:502    &   116.167
14:32:25:442:749    &   113.567
14:32:25:510:477    &   37.2067
14:32:25:575:404    &   38.8376
14:32:25:621:092    &   55.236
14:32:25:659:594    &   65.513
14:32:25:712:256    &   47.8791
14:32:25:742:895    &   82.3429
14:32:25:769:237    &   95.8219
14:32:25:789:999    &   121.765
14:32:25:810:662    &   122.318
14:32:25:831:519    &   121.205
14:32:25:852:489    &   120.54
14:32:25:873:159    &   122.31
14:32:25:894:471    &   118.594
14:32:25:915:402    &   120.739
14:32:25:936:244    &   121.258
14:32:25:956:763    &   123.166
14:32:25:977:934    &   119.343
14:32:25:996:928    &   133.088
14:32:26:017:247    &   124.301
14:32:26:038:948    &   117.722
14:32:26:058:734    &   127.725
14:32:26:074:609    &   159.395
14:32:26:094:229    &   128.85
14:32:26:114:311    &   125.871
14:32:26:135:535    &   119.058
14:32:26:155:805    &   124.662
14:32:26:176:875    &   119.935
14:32:26:197:541    &   122.273
14:32:26:218:024    &   123.361
14:32:26:238:789    &   121.691
14:32:26:259:793    &   120.317
14:32:26:280:105    &   124.473
14:32:26:300:767    &   122.319
14:32:26:322:006    &   118.957
14:32:26:342:289    &   124.641
14:32:26:362:990    &   122.117
14:32:26:382:460    &   129.851
14:32:26:403:209    &   121.833
14:32:26:423:554    &   124.175
14:32:26:444:458    &   121.044
14:32:26:465:319    &   121.106
14:32:26:485:957    &   122.435
14:32:26:506:553    &   122.709
14:32:26:526:181    &   128.746
14:32:26:542:637    &   153.784
14:32:26:563:464    &   121.791
14:32:26:584:344    &   120.995
14:32:26:605:976    &   116.811
14:32:26:626:893    &   120.828
14:32:26:647:726    &   121.3
14:32:26:668:803    &   119.906
14:32:26:689:843    &   120.108
14:32:26:710:424    &   122.86
14:32:26:731:970    &   117.298
14:32:26:753:251    &   118.778
14:32:26:774:734    &   117.565
14:32:26:796:940    &   113.849
14:32:26:821:529    &   102.7
14:32:26:843:456    &   115.294
14:32:26:865:387    &   115.924
14:32:26:887:237    &   115.757
14:32:26:908:549    &   118.512
14:32:26:929:867    &   118.455
14:32:26:951:035    &   119.369
14:32:26:971:537    &   123.269
14:32:26:993:161    &   116.797
14:32:27:014:673    &   117.513
14:32:27:034:858    &   125.125
14:32:27:055:718    &   121.157
14:32:27:077:080    &   118.256
14:32:27:097:433    &   124.159
14:32:27:117:542    &   125.638
14:32:27:138:891    &   118.39
14:32:27:159:610    &   121.95
14:32:27:180:607    &   120.414
14:32:27:202:150    &   117.259
14:32:27:223:566    &   117.931
14:32:27:244:518    &   120.508
14:32:27:266:264    &   116.232
14:32:27:286:160    &   126.956
14:32:27:306:478    &   124.468
14:32:27:327:930    &   118.375
14:32:27:350:186    &   114.052
14:32:27:372:153    &   115.039
14:32:27:394:040    &   115.665
14:32:27:415:817    &   116.011
14:32:27:437:334    &   117.414
14:32:27:458:082    &   122.267
14:32:27:480:367    &   113.776
14:32:27:501:797    &   118.424
14:32:27:523:690    &   115.535
14:32:27:546:293    &   112.231
14:32:27:565:164    &   134.91
14:32:27:586:910    &   116.712
14:32:27:608:855    &   115.086
14:32:27:631:161    &   113.243
14:32:27:652:013    &   121.172
14:32:27:672:967    &   120.619
14:32:27:694:438    &   117.673
14:32:27:715:394    &   120.543
14:32:27:736:443    &   120.028
14:32:27:757:007    &   122.88
14:32:27:777:780    &   121.651
14:32:27:798:341    &   122.901
14:32:27:819:277    &   120.683
14:32:27:840:279    &   120.288
14:32:27:861:208    &   121.266
14:32:27:882:164    &   120.565
14:32:27:903:192    &   120.162
14:32:27:923:747    &   122.9
14:32:27:944:647    &   120.846
14:32:27:966:143    &   117.507
14:32:27:987:201    &   120.025
14:32:28:008:770    &   117.15
14:32:28:030:421    &   116.718
14:32:28:051:272    &   122.316
14:32:28:071:020    &   128.159
14:32:28:088:158    &   148.448
14:32:28:109:157    &   121.12
14:32:28:130:327    &   119.985
14:32:28:151:370    &   120.992
14:32:28:172:407    &   120.13
14:32:28:193:338    &   120.721
14:32:28:215:291    &   115.758
14:32:28:236:775    &   117.591
14:32:28:258:213    &   117.908
14:32:28:279:746    &   117.337
14:32:28:300:405    &   122.33
14:32:28:321:834    &   118.45
14:32:28:343:266    &   118.584
14:32:28:363:935    &   122.902
14:32:28:385:585    &   117.2
14:32:28:406:875    &   119.275
14:32:28:427:831    &   121.168
14:32:28:449:362    &   117.978
14:32:28:470:503    &   119.562
14:32:28:492:351    &   115.624
14:32:28:513:529    &   119.317
14:32:28:535:286    &   116.14
14:32:28:556:701    &   118.476
14:32:28:578:641    &   115.195
14:32:28:600:693    &   114.605
14:32:28:623:209    &   112.242
14:32:28:644:855    &   116.685
14:32:28:665:598    &   121.885
14:32:28:687:106    &   117.491
14:32:28:708:950    &   115.667
14:32:28:730:248    &   118.656
14:32:28:751:799    &   117.187
14:32:28:774:261    &   112.422
14:32:28:796:066    &   115.834
14:32:28:816:808    &   121.767
14:32:28:839:192    &   112.794
14:32:28:861:172    &   114.87
14:32:28:882:935    &   116.026
14:32:28:902:607    &   128.413
14:32:28:922:793    &   125.224
14:32:28:942:433    &   128.632
14:32:28:964:488    &   114.484
14:32:28:985:805    &   118.458
14:32:29:008:379    &   111.823
14:32:29:030:037    &   116.585
14:32:29:052:425    &   112.781
14:32:29:073:966    &   117.199
14:32:29:094:723    &   121.773
14:32:29:116:970    &   113.518
14:32:29:138:587    &   116.811
14:32:29:160:131    &   117.216
14:32:29:182:178    &   114.503
14:32:29:203:810    &   116.717
14:32:29:225:479    &   116.531
14:32:29:247:132    &   116.643
14:32:29:269:016    &   115.553
14:32:29:290:366    &   118.357
14:32:29:312:011    &   116.748
14:32:29:333:827    &   115.818
14:32:29:354:574    &   121.805
14:32:29:373:658    &   132.369
14:32:29:394:655    &   120.29
14:32:29:416:403    &   116.14
14:32:29:438:500    &   114.25
14:32:29:459:680    &   119.234
14:32:29:481:119    &   117.768
14:32:29:502:563    &   117.748
14:32:29:524:126    &   117.065
14:32:29:545:751    &   116.776
14:32:29:567:940    &   113.809
14:32:29:589:518    &   117.009
14:32:29:611:370    &   115.57
14:32:29:632:255    &   120.919
14:32:29:654:258    &   114.771
14:32:29:675:955    &   116.35
14:32:29:697:744    &   115.871
14:32:29:718:564    &   121.296
14:32:29:740:254    &   116.435
14:32:29:762:116    &   115.498
14:32:29:783:003    &   120.87
14:32:29:804:512    &   117.386
14:32:29:825:955    &   117.75
14:32:29:848:345    &   116.107
14:32:29:869:209    &   121.109
14:32:29:890:726    &   117.367
14:32:29:910:261    &   129.337
14:32:29:931:763    &   117.507
14:32:29:952:960    &   119.152
14:32:29:974:167    &   119.072
14:32:29:996:016    &   115.567
14:32:30:016:842    &   121.266
14:32:30:037:026    &   125.078
14:32:30:058:557    &   117.268
14:32:30:080:236    &   116.448
14:32:30:101:601    &   118.156
14:32:30:123:543    &   115.03
14:32:30:144:848    &   118.497
14:32:30:166:721    &   115.404
14:32:30:188:216    &   117.488
14:32:30:210:109    &   115.294
14:32:30:231:002    &   120.833
14:32:30:252:161    &   119.318
14:32:30:273:591    &   117.929
14:32:30:295:418    &   115.648
14:32:30:316:404    &   120.307
14:32:30:337:593    &   119.204
14:32:30:358:945    &   119.023
14:32:30:380:150    &   119.909
14:32:30:401:703    &   117.941
14:32:30:423:553    &   116.166
14:32:30:444:667    &   120.416
14:32:30:465:451    &   122.649
14:32:30:487:221    &   116.871
14:32:30:505:340    &   139.549
14:32:30:525:983    &   122.568
14:32:30:547:714    &   117.011
14:32:30:570:343    &   112.274
14:32:30:588:327    &   140.617
14:32:30:609:637    &   118.676
14:32:30:631:383    &   116.232
14:32:30:652:891    &   117.848
14:32:30:674:605    &   116.382
14:32:30:696:569    &   115.013
14:32:30:718:564    &   114.817
14:32:30:739:380    &   121.317
14:32:30:760:792    &   117.899
14:32:30:782:628    &   115.733
14:32:30:804:196    &   117.095
14:32:30:826:142    &   115.076
14:32:30:847:623    &   117.549
14:32:30:868:138    &   123.09
14:32:30:888:080    &   126.655
14:32:30:907:497    &   130.146
14:32:30:928:592    &   119.735
14:32:30:949:325    &   121.912
14:32:30:969:759    &   123.639
14:32:30:989:943    &   125.176
14:32:31:010:441    &   123.327
14:32:31:031:412    &   120.438
14:32:31:052:172    &   121.702
14:32:31:072:974    &   121.501
14:32:31:093:710    &   121.854
14:32:31:114:586    &   121.07
14:32:31:134:365    &   127.805
14:32:31:155:823    &   117.775
14:32:31:176:171    &   125.509
14:32:31:196:401    &   124.879
14:32:31:217:577    &   119.356
14:32:31:238:158    &   122.827
14:32:31:258:667    &   123.15
14:32:31:279:158    &   123.348
14:32:31:299:654    &   123.34
14:32:31:320:108    &   123.495
14:32:31:340:380    &   124.626
14:32:31:360:795    &   124.629
14:32:31:381:374    &   122.789
14:32:31:401:839    &   123.606
14:32:31:422:467    &   122.569
14:32:31:443:730    &   118.901
14:32:31:464:386    &   122.863
14:32:31:486:226    &   115.665
14:32:31:506:955    &   121.91
14:32:31:528:199    &   118.93
14:32:31:549:423    &   119.039
14:32:31:570:641    &   119.077
14:32:31:592:679    &   114.619
14:32:31:613:950    &   118.776
14:32:31:633:195    &   132.111
14:32:31:655:581    &   112.895
14:32:31:677:682    &   114.33
14:32:31:699:362    &   116.528
14:32:31:721:332    &   114.973
14:32:31:743:024    &   116.476
14:32:31:764:154    &   119.586
14:32:31:781:788    &   143.44
14:32:31:801:210    &   130.243
14:32:31:822:349    &   119.54
14:32:31:843:759    &   118.614
14:32:31:864:747    &   120.761
14:32:31:885:795    &   120.081
14:32:31:906:620    &   121.344
14:32:31:927:497    &   121.045
14:32:31:948:295    &   121.514
14:32:31:969:185    &   120.98
14:32:31:990:385    &   119.169
14:32:32:011:478    &   119.802
14:32:32:032:361    &   120.986
14:32:32:053:304    &   120.673
14:32:32:073:790    &   123.365
14:32:32:094:399    &   122.571
14:32:32:115:341    &   120.646
14:32:32:136:466    &   119.615
14:32:32:157:464    &   120.304
14:32:32:178:554    &   119.833
14:32:32:199:626    &   119.843
14:32:32:220:779    &   119.348
14:32:32:241:576    &   121.39
14:32:32:262:529    &   120.484
14:32:32:283:275    &   121.706
14:32:32:304:454    &   119.216
14:32:32:326:210    &   116.044
14:32:32:348:555    &   113.01
14:32:32:371:021    &   112.365
14:32:32:393:357    &   113.012
14:32:32:414:996    &   117.299
14:32:32:436:200    &   119.137
14:32:32:455:643    &   129.929
14:32:32:476:276    &   122.387
14:32:32:498:115    &   115.569
14:32:32:519:830    &   116.344
14:32:32:540:276    &   123.583
14:32:32:561:855    &   117.782
14:32:32:585:709    &   106.399
14:32:32:606:470    &   122.425
14:32:32:628:137    &   116.643
14:32:32:645:338    &   146.939
14:32:32:666:410    &   120.027
14:32:32:687:195    &   121.525
14:32:32:708:605    &   118.047
14:32:32:729:496    &   120.914
14:32:32:750:877    &   118.219
14:32:32:771:839    &   120.549
14:32:32:793:099    &   120.086
14:32:32:813:858    &   121.749
14:32:32:835:220    &   118.307
14:32:32:856:407    &   119.281
14:32:32:877:319    &   120.819
14:32:32:898:616    &   118.647
14:32:32:920:380    &   116.067
14:32:32:940:828    &   123.569
14:32:32:961:832    &   120.327
14:32:32:982:756    &   120.742
14:32:33:003:725    &   120.504
14:32:33:024:344    &   122.557
14:32:33:045:335    &   120.32
14:32:33:066:115    &   121.518
14:32:33:087:130    &   120.174
14:32:33:107:660    &   123.003
14:32:33:128:433    &   121.575
14:32:33:148:984    &   122.864
14:32:33:169:562    &   122.696
14:32:33:189:973    &   123.727
14:32:33:210:489    &   123.066
14:32:33:231:255    &   121.656
14:32:33:252:007    &   121.749
14:32:33:272:622    &   122.572
14:32:33:293:572    &   120.595
14:32:33:314:387    &   121.41
14:32:33:335:014    &   122.489
14:32:33:356:009    &   120.301
14:32:33:376:874    &   121.028
14:32:33:397:778    &   120.774
14:32:33:418:716    &   120.663
14:32:33:439:482    &   121.565
14:32:33:460:144    &   122.288
14:32:33:480:715    &   122.757
14:32:33:501:797    &   119.752
14:32:33:522:454    &   122.256
14:32:33:543:583    &   119.489
14:32:33:564:431    &   121.105
14:32:33:585:224    &   121.51
14:32:33:606:158    &   120.655
14:32:33:627:120    &   120.475
14:32:33:651:683    &   102.736
14:32:33:672:352    &   122.133
14:32:33:693:068    &   121.992
14:32:33:714:131    &   119.927
14:32:33:735:759    &   116.843
14:32:33:757:334    &   117.133
14:32:33:778:951    &   116.947
14:32:33:800:756    &   115.89
14:32:33:822:569    &   115.844
14:32:33:844:095    &   117.375
14:32:33:865:972    &   115.491
14:32:33:887:555    &   117.094
14:32:33:909:030    &   117.675
14:32:33:930:276    &   119.457
14:32:33:952:250    &   114.991
14:32:33:973:953    &   116.394
14:32:33:996:256    &   113.272
14:32:34:017:100    &   121.216
14:32:34:038:470    &   118.259
14:32:34:060:702    &   113.646
14:32:34:083:122    &   112.682
14:32:34:103:144    &   126.253
14:32:34:123:968    &   121.353
14:32:34:144:527    &   122.98
14:32:34:165:290    &   121.718
14:32:34:184:597    &   130.908
14:32:34:205:501    &   120.916
14:32:34:226:072    &   123.055
14:32:34:247:259    &   119.404
14:32:34:267:777    &   123.215
14:32:34:288:371    &   122.802
14:32:34:308:562    &   125.199
14:32:34:327:159    &   137.263
14:32:34:347:711    &   123.139
14:32:34:368:169    &   123.625
14:32:34:391:267    &   109.461
14:32:34:411:630    &   124.196
14:32:34:432:989    &   118.308
14:32:34:455:594    &   111.825
14:32:34:474:301    &   135.316
14:32:34:493:152    &   134.196
14:32:34:512:928    &   127.998
14:32:34:533:186    &   124.871
14:32:34:552:494    &   131.038
14:32:34:572:256    &   127.983
14:32:34:592:830    &   122.852
14:32:34:613:670    &   121.279
14:32:34:633:883    &   125.061
14:32:34:652:156    &   138.443
14:32:34:670:199    &   140.175
14:32:34:688:677    &   136.873
14:32:34:708:355    &   128.698
14:32:34:726:144    &   142.287
14:32:34:743:641    &   144.827
14:32:34:761:075    &   145.299
14:32:34:778:443    &   145.859
14:32:34:798:631    &   125.276
14:32:34:815:952    &   145.922
14:32:34:833:016    &   148.456
14:32:34:850:189    &   147.264
14:32:34:867:389    &   147.037
14:32:34:884:749    &   145.637
14:32:34:902:244    &   144.649
14:32:34:920:105    &   141.63
14:32:34:939:305    &   131.728
14:32:34:959:895    &   122.741
14:32:34:980:126    &   124.848
14:32:35:000:464    &   124.37
14:32:35:021:056    &   122.751
14:32:35:041:511    &   123.685
14:32:35:061:900    &   123.998
14:32:35:080:024    &   139.541
14:32:35:100:125    &   125.77
14:32:35:119:871    &   128.171
14:32:35:138:511    &   135.819
14:32:35:159:088    &   122.942
14:32:35:179:302    &   125.11
14:32:35:206:687    &   92.3087
14:32:35:231:176    &   103.313
14:32:35:251:710    &   123.278
14:32:35:271:530    &   127.42
14:32:35:290:357    &   134.409
14:32:35:310:482    &   125.82
14:32:35:328:618    &   139.479
14:32:35:347:952    &   130.69
14:32:35:367:244    &   131.031
14:32:35:385:697    &   137.023
14:32:35:408:838    &   109.325
14:32:35:427:139    &   138.35
14:32:35:445:167    &   140.491
14:32:35:462:106    &   149.483
14:32:35:479:246    &   147.778
14:32:35:497:148    &   141.398
14:32:35:514:970    &   142.206
14:32:35:535:728    &   121.87
14:32:35:552:406    &   151.899
14:32:35:570:581    &   139.711
14:32:35:588:045    &   145.226
14:32:35:605:379    &   146.178
14:32:35:622:694    &   146.424
14:32:35:641:112    &   137.457
14:32:35:660:368    &   131.419
14:32:35:680:772    &   123.95
14:32:35:700:689    &   126.996
14:32:35:721:395    &   122.146
14:32:35:739:124    &   142.831
14:32:35:756:746    &   143.652
14:32:35:774:512    &   142.628
14:32:35:791:732    &   147.14
14:32:35:807:997    &   155.728
14:32:35:823:516    &   163.241
14:32:35:839:291    &   160.573
14:32:35:854:762    &   163.534
14:32:35:870:219    &   163.82
14:32:35:885:700    &   163.531
14:32:35:901:112    &   164.351
14:32:35:917:184    &   157.777
14:32:35:932:606    &   164.39
14:32:35:948:205    &   162.315
14:32:35:963:735    &   163.296
14:32:35:979:280    &   162.91
14:32:35:994:826    &   162.931
14:32:36:010:446    &   162.065
14:32:36:026:611    &   156.796
